,,A      ,B  ,C         ,,,
,,Testing,And,TestingLol,,,
,,       ,   ,          ,,,
,,       ,   ,          ,,,
,,       ,   ,          ,,,
,,       ,   ,          ,,,
,,       ,   ,          ,,,
,,       ,   ,          ,,,
,,       ,   ,          ,,,
,,       ,   ,          ,,,
,,       ,   ,          ,,,
,,       ,   ,          ,,,
,,       ,   ,          ,,,
,,       ,   ,          ,,,
,,       ,   ,          ,,,
,,       ,   ,          ,,,
,,       ,   ,          ,,,
,,       ,   ,          ,,,
,,       ,   ,          ,,,
,,       ,   ,          ,,,
,,       ,   ,          ,,,
,,       ,   ,          ,,,
